
<beans default-autowire="byType" xmlns="http://www.springframework.org/schema/beans"
	xmlns:xsi="http://www.w3.org/2001/XMLSchema-instance"
	xsi:schemaLocation="http://www.springframework.org/schema/beans
http://www.springframework.org/schema/beans/spring-beans-2.0.xsd">

 <bean id="tp"  class="com.nt.beans.TourPlan">
   <property name="places">
      <list>
         <value>ladak</value>
         <value>leh</value>
         <value>manali</value>
      </list>
   </property>
 </bean> 

  <bean id="tp1"  class="com.nt.beans.TourPlan">
   <property name="places">
      <list>
         <value>kochi</value>
         <value>alleppy</value>
         <value>munnarhills</value>
      </list>
   </property>
 </bean> 

  <bean id="agent" class="com.nt.beans.TravelAgent"  autowire="byName">
      <constructor-arg  ref="tp1"/>
  </bean>
 
</beans>
