<beans xmlns="http://www.springframework.org/schema/beans"
	xmlns:xsi="http://www.w3.org/2001/XMLSchema-instance" xmlns:aop="http://www.springframework.org/schema/aop"
	xsi:schemaLocation="http://www.springframework.org/schema/beans
http://www.springframework.org/schema/beans/spring-beans.xsd
http://www.springframework.org/schema/aop
http://www.springframework.org/schema/aop/spring-aop.xsd">
 <!-- target class -->
   <bean id="shopping"  class="com.nt.service.ShoppingStore"/>
   <!-- cfg Advice class as spring Bean -->
  <bean id="discount" class="com.nt.aspect.DiscountCuponGenerator"/>
   <aop:config>
    <!-- pointcut cfg -->
    <aop:pointcut  id="ptcDiscountAdvice"  expression="execution(* com.nt.service.ShoppingStore.shopping(..))"/>
       <!-- advice cfg -->
      <aop:aspect id="discountAdvice" ref="discount">
          <aop:after-returning method="generateCupon" pointcut-ref="ptcDiscountAdvice"
            returning="billAmt"/>
      </aop:aspect>
   </aop:config>
</beans>