<beans xmlns="http://www.springframework.org/schema/beans"
	xmlns:xsi="http://www.w3.org/2001/XMLSchema-instance"
	xsi:schemaLocation="http://www.springframework.org/schema/beans
http://www.springframework.org/schema/beans/spring-beans.xsd">

	<!-- <bean id="bds" class="org.apache.commons.dbcp2.BasicDataSource"> <property 
		name="driverClassName" value="oracle.jdbc.driver.OracleDriver"/> <property 
		name="url" value="jdbc:oracle:thin:@localhost:1521:xe"/> <property name="username" 
		value="system"/> <property name="password" value="manager"/> <property name="initialSize" 
		value="10"/> <property name="maxTotal" value="20"/> </bean> -->
	
	<bean id="c3P0ds" class=" com.mchange.v2.c3p0.ComboPooledDataSource">
		<property name="driverClass" value="oracle.jdbc.driver.OracleDriver" />
		<property name="jdbcUrl" value="jdbc:oracle:thin:@localhost:1521:xe" />
		<property name="user" value="system" />
		<property name="password" value="manager" />
		<property name="initialPoolSize" value="10" />
		<property name="maxPoolSize" value="20" />
	</bean>

	<bean id="template" class="org.springframework.jdbc.core.JdbcTemplate">
		<property name="dataSource" ref="c3P0ds" />
	</bean>
	<bean id="operationsDAO" class="com.nt.dao.DBOperationsDAOImpl">
		<property name="jt" ref="template" />
	</bean>
	<bean id="operationsService" class="com.nt.service.DBOperationServiceImpl">
		<property name="dao" ref="operationsDAO" />
	</bean>
</beans>

