
<beans xmlns="http://www.springframework.org/schema/beans"
	xmlns:xsi="http://www.w3.org/2001/XMLSchema-instance"
	xsi:schemaLocation="http://www.springframework.org/schema/beans
http://www.springframework.org/schema/beans/spring-beans.xsd">

	<bean id="person" class="com.nt.beans.Person">
		<constructor-arg name="sno" value="1001" />
		<constructor-arg name="sname" value="raja" />
		<constructor-arg name="addrs" value="hyd" />
		<constructor-arg name="dob" ><null/></constructor-arg>
	</bean>

</beans>
