<beans xmlns="http://www.springframework.org/schema/beans"
	xmlns:xsi="http://www.w3.org/2001/XMLSchema-instance"
	xsi:schemaLocation="http://www.springframework.org/schema/beans
http://www.springframework.org/schema/beans/spring-beans.xsd">

    <!-- Cfg target bean -->
     <bean id="approver"  class="com.nt.service.OrderApprover"/>
     <!-- Cfg advice class -->
     <bean id="auditAdvice"  class="com.nt.aspect.OrderAuditingAdvice"/>
     <!-- cfg ProxyFactoryBean that gives  Proxy class object -->
     <bean id="pfb"  class="org.springframework.aop.framework.ProxyFactoryBean"> 
        <property name="target"  ref="approver"/>
        <property name="interceptorNames">
           <list>
             <value>auditAdvice</value>
           </list>
        </property>
     </bean>
	</beans>

