
<beans xmlns="http://www.springframework.org/schema/beans"
	xmlns:xsi="http://www.w3.org/2001/XMLSchema-instance"
	xsi:schemaLocation="http://www.springframework.org/schema/beans
http://www.springframework.org/schema/beans/spring-beans.xsd">
<!-- using static factory methods -->
 <bean id="c1"   class="java.lang.Class"  factory-method="forName">
     <constructor-arg value="java.util.Date"/>
 </bean>
 
 <bean id="cal"   class="java.util.Calendar"  factory-method="getInstance"/>
 
 <!-- using instance factory methods -->
 <bean id="s1"   class="java.lang.String">
    <constructor-arg  value="hello how are u"/>
 </bean>
 
 <bean id="s2"  factory-bean="s1"  factory-method="concat">
    <constructor-arg value="123"/>
 </bean>
 

 <bean id="sb"  class="java.lang.StringBuffer">
    <constructor-arg  value="hello how are u"/>
 </bean>  
 
 <bean id="s3"  factory-bean="sb" factory-method="substring">
    <constructor-arg value="3"/>
    <constructor-arg value="10"/>
 </bean>

</beans>
