<beans xmlns="http://www.springframework.org/schema/beans"
	xmlns:xsi="http://www.w3.org/2001/XMLSchema-instance" 
	xmlns:context="http://www.springframework.org/schema/context"
	xmlns:aop="http://www.springframework.org/schema/aop"
	xsi:schemaLocation="http://www.springframework.org/schema/beans
	http://www.springframework.org/schema/beans/spring-beans.xsd
	http://www.springframework.org/schema/context
	http://www.springframework.org/schema/context/spring-context.xsd
	http://www.springframework.org/schema/aop
http://www.springframework.org/schema/aop/spring-aop.xsd">

	<bean class="org.springframework.jdbc.datasource.DriverManagerDataSource"
		name="dsObj">
		<property name="driverClassName" value="oracle.jdbc.driver.OracleDriver" />
		<property name="url" value="jdbc:oracle:thin:@localhost:1521:xe" />
		<property name="username" value="system" />
		<property name="password" value="ranjan" />
	</bean>
	<bean
		class="org.springframework.orm.hibernate3.annotation.AnnotationSessionFactoryBean"
		name="sfObj">
		<property name="dataSource" ref="dsObj" />
		<property name="hibernateProperties">
			<props>
				<prop key="hibernate.dialect">org.hibernate.dialect.OracleDialect
				</prop>
				<prop key="hibernate.show_sql">true</prop>
				<prop key="hibernate.hbm2ddl.auto">update</prop>
			</props>
		</property>
		<property name="annotatedClasses">
			<list>
				<!-- <value>com.app.model.Customer</value> -->
				<value>com.app.model.Document</value>
				<value>com.app.model.Item</value>
				<value>com.app.model.Location</value>
				<value>com.app.model.User</value>
				<value>com.app.model.Transaction</value>
				<value>com.app.model.Vendor</value>
			</list>
		</property>
	</bean>
	<bean
		class="org.springframework.web.servlet.view.InternalResourceViewResolver"
		name="viewResolver">
		<property name="prefix" value="/WEB-INF/jsps/" />
		<property name="suffix" value=".jsp" />
	</bean>
	<!-- HibernateTemplate configured -->
	<bean name="ht" class="org.springframework.orm.hibernate3.HibernateTemplate">
		<property name="sessionFactory" ref="sfObj"></property>
	</bean>
	<!-- XmlViewResolver -->
	<bean class="org.springframework.web.servlet.view.XmlViewResolver">
		<property name="location">
			<value>/WEB-INF/spring-views.xml</value>
		</property>
		<property name="order" value="0" />
	</bean>
	<bean class="org.springframework.web.multipart.commons.CommonsMultipartResolver" name="multipartResolver" >
	<property name="maxUploadSize" value="104857600"/>
	<property name="maxInMemorySize"  value="20971520"/>
	</bean>
<bean name="javaMailSender" class="org.springframework.mail.javamail.JavaMailSenderImpl">
		<property name="host" value="smtp.gmail.com" />
		<property name="port" value="587" />
		<property name="username" value="....." />
		<property name="password" value="....." />
		<property name="javaMailProperties">
			<props>
				<prop key="mail.smtp.auth">true</prop>
				<prop key="mail.smtp.starttls.enable">true</prop>
			</props>
		</property>
	</bean>	
	<context:component-scan base-package="com.app" />
</beans>