<beans xmlns="http://www.springframework.org/schema/beans"
	xmlns:xsi="http://www.w3.org/2001/XMLSchema-instance"
	xsi:schemaLocation="http://www.springframework.org/schema/beans
http://www.springframework.org/schema/beans/spring-beans.xsd">

	<!-- Cfg DriverManagerDataSource Bean -->
	<bean id="drds"
		class="org.springframework.jdbc.datasource.DriverManagerDataSource">
		<property name="driverClassName" value="oracle.jdbc.driver.OracleDriver" />
		<property name="url" value="jdbc:oracle:thin:@localhost:1521:xe" />
		<property name="username"  value="system"/>
		<property name="password"  value="manager"/>
		
	<!-- 	<property name="connectionProperties">
		   <props>
		     <prop key="user">system</prop>
		     <prop key="password">manager</prop>
		   </props>
		</property> -->
	</bean>
	<bean id="bds"  class="org.apache.commons.dbcp.BasicDataSource" parent="drds"/>
	
	
	<!-- Cfg DAO class -->
	<bean id="empDAO"  class="com.nt.dao.EmployeeDAOImpl">
	     <property name="ds"  ref="bds"/>
	</bean>
	
	<!-- Cfg DAO class -->
	<bean id="empService"  class="com.nt.service.EmployeeSalaryServiceImpl">
	     <property name="dao"  ref="empDAO"/>
	</bean>
	
	




</beans>

