<?xml version="1.0" encoding="UTF-8"?>
<beans xmlns="http://www.springframework.org/schema/beans"
xmlns:xsi="http://www.w3.org/2001/XMLSchema-instance"
xmlns:context="http://www.springframework.org/schema/context"
xsi:schemaLocation="http://www.springframework.org/schema/beans
http://www.springframework.org/schema/beans/spring-beans.xsd
http://www.springframework.org/schema/context
http://www.springframework.org/schema/context/spring-context.xsd">
<!-- Advice class cfg -->
 <bean id="securityAdvice"  class="com.nt.aspect.SecurityCheckAdvice">
     <property name="manager"  ref="authManager"/>
 </bean>
 <!-- cfg pointcut -->
 <bean id="ptc1"  class="com.nt.pointcut.CommonDynamicPointcut"/>
 <!-- cfg Advisor -->
 <bean id="securityAdvisor"  class="org.springframework.aop.support.DefaultPointcutAdvisor">
      <property name="advice" ref="securityAdvice"/>
      <property name="pointcut"  ref="ptc1"/>
 </bean>
 
 <!-- Cfg ProxyFactoryBean -->
 <bean id="pfb"  class="org.springframework.aop.framework.ProxyFactoryBean">
     <property name="target"  ref="iac"/>
     <property name="interceptorNames">
          <list>
            <value>securityAdvisor</value>
          </list>
     </property>
 </bean>


</beans>