
<beans xmlns="http://www.springframework.org/schema/beans"
	xmlns:xsi="http://www.w3.org/2001/XMLSchema-instance"
	xsi:schemaLocation="http://www.springframework.org/schema/beans
http://www.springframework.org/schema/beans/spring-beans.xsd">

<bean id="enggIstYear"  class="com.nt.beans.EnggCourse" abstract="true">
    <property name="subjects">
           <list>
              <value>M1</value>
              <value>English</value>
              <value>C </value>
           </list>
     </property>
</bean>
<bean id="eceIstYear"  class="com.nt.beans.EnggCourse" parent="enggIstYear">
    <property name="subjects">
           <list  merge="true">
              <value>DE</value>
              <value>EDC</value>
           </list>
     </property>
 </bean>
<bean id="csIstYear"  class="com.nt.beans.EnggCourse" parent="enggIstYear">
    <property name="subjects">
           <list merge="true">
              <value>OS</value>
              <value>DS</value>
           </list>
     </property>
 </bean>



</beans>
