<beans xmlns="http://www.springframework.org/schema/beans"
	xmlns:xsi="http://www.w3.org/2001/XMLSchema-instance"  
	xmlns:context="http://www.springframework.org/schema/context"
	xsi:schemaLocation="http://www.springframework.org/schema/beans
http://www.springframework.org/schema/beans/spring-beans.xsd
http://www.springframework.org/schema/context
http://www.springframework.org/schema/context/spring-context.xsd">

	<!-- Cfg DriverManagerDataSource Bean -->
	<bean id="drds"
		class="org.springframework.jdbc.datasource.DriverManagerDataSource">
		<property name="driverClassName" value="${jdbc.driver}" />
		<property name="url" value="${jdbc.url}" />
		<property name="username"  value="${jdbc.user}"/>
		<property name="password"  value="${jdbc.pwd}"/>
	</bean>
	
	  	<context:component-scan  base-package="com.nt.dao,com.nt.service"/>
	    <context:property-placeholder location="com/nt/commons/jdbc.properties"/>

</beans>

