
<beans xmlns="http://www.springframework.org/schema/beans"
	xmlns:xsi="http://www.w3.org/2001/XMLSchema-instance"
	xsi:schemaLocation="http://www.springframework.org/schema/beans
http://www.springframework.org/schema/beans/spring-beans.xsd">

<bean  id="engine"  class="com.nt.beans.Engine"/>

<!-- <bean id="viechle"  class="com.nt.beans.Viechle">
   <property name="beanId" value="engine1"/>
</bean>
 -->
 
 <bean id="viechle"  class="com.nt.beans.Viechle">
   <property name="beanId">
      <idref bean="engine1"/>
   </property> 
</bean>
 

</beans>
