
<beans xmlns="http://www.springframework.org/schema/beans"
	xmlns:xsi="http://www.w3.org/2001/XMLSchema-instance"
	xsi:schemaLocation="http://www.springframework.org/schema/beans
http://www.springframework.org/schema/beans/spring-beans.xsd">
 <!-- cfg Target class -->
  <bean id="price"  class="com.nt.service.PriceCalculator"/>

  <!-- cfg Advice classes -->
  <bean id="expLogger"  class="com.nt.aspect.ExceptionLoggerAdvice"/>
  
  <!-- cfg ProxyFactoryBean -->
  <bean id="pfb"  class="org.springframework.aop.framework.ProxyFactoryBean">
       <property name="target"  ref="price"/>
       <property name="interceptorNames">
          <list>
             <value>expLogger</value>
          </list>
       </property>
  </bean>
</beans>
