<?xml version="1.0" encoding="UTF-8"?>
<beans xmlns="http://www.springframework.org/schema/beans"
xmlns:xsi="http://www.w3.org/2001/XMLSchema-instance"
xmlns:context="http://www.springframework.org/schema/context"
xsi:schemaLocation="http://www.springframework.org/schema/beans
http://www.springframework.org/schema/beans/spring-beans.xsd
http://www.springframework.org/schema/context
http://www.springframework.org/schema/context/spring-context.xsd">
 <!-- Cfg ProxyFactoryBean -->
 <bean id="pfb"  class="org.springframework.aop.framework.ProxyFactoryBean">
     <property name="target"  ref="iac"/>
     <property name="interceptorNames">
          <list>
            <value>securityAdvice</value>
          </list>
     </property>
 </bean>
 
 <context:component-scan base-package="com.nt.aspect"/>


</beans>