<?xml version="1.0" encoding="UTF-8"?>
<beans xmlns="http://www.springframework.org/schema/beans"
xmlns:xsi="http://www.w3.org/2001/XMLSchema-instance"
xmlns:context="http://www.springframework.org/schema/context"
xsi:schemaLocation="http://www.springframework.org/schema/beans
http://www.springframework.org/schema/beans/spring-beans.xsd
http://www.springframework.org/schema/context
http://www.springframework.org/schema/context/spring-context.xsd">

  <bean id="dbcpDs"  class="org.apache.commons.dbcp2.BasicDataSource">
     <property name="driverClassName" value="oracle.jdbc.driver.OracleDriver"/>
     <property name="url" value="jdbc:oracle:thin:@localhost:1521:xe"/>
     <property name="username" value="system"/>
     <property name="password" value="manager"/>
     <property name="initialSize" value="10"/>
  </bean>
  <bean id="jt"   class="org.springframework.jdbc.core.JdbcTemplate">
    <property name="dataSource"  ref="dbcpDs"/>
    </bean>
    <context:component-scan base-package="com.nt.dao"/>
    
</beans>